kind	time	pc	value
P1	0.000000000	000	ff
P1	0.000015000	757	7f
P1	0.021530000	053	fe
P1	0.594722500	053	02
HOST	1.098669108668	0	00
P1	1.557582500	053	82
P1	1.557877500	053	a0
P1	1.559135000	053	20
RX	1.585421245	000	ff
KEY	1.9331013430994	0	A down
P1	1.945982500	053	a0
P1	1.947535000	053	20
P1	1.949142500	053	a0
P1	1.955535000	053	20
P1	1.958747500	053	a0
P1	1.960330000	053	20
RX	1.974822955	000	61
KEY	2.0721733821713	0	A up
KEY	2.489389499387	0	Shift down
KEY	2.6284615384589	0	A down
P1	2.641982500	053	a0
P1	2.643535000	053	20
P1	2.645142500	053	a0
P1	2.653135000	053	20
P1	2.654750000	053	a0
P1	2.656330000	053	20
RX	2.670183150	000	41
KEY	2.7675335775308	0	A up
KEY	2.9066056166027	0	Shift up
SUMMARY	4.005274725	53a	addresses=2048 matrix_reads=39671 speaker_writes=1
FETCH	0	000	5
FETCH	0	001	5
FETCH	0	002	4
FETCH	0	003	4
FETCH	0	004	4
FETCH	0	005	4
FETCH	0	006	4
FETCH	0	007	9964
FETCH	0	008	9964
FETCH	0	009	9964
FETCH	0	00a	9964
FETCH	0	00b	9964
FETCH	0	00c	9964
FETCH	0	00d	9964
FETCH	0	00e	9964
FETCH	0	00f	9964
FETCH	0	010	9964
FETCH	0	011	4
FETCH	0	012	4
FETCH	0	013	4
FETCH	0	014	4
FETCH	0	015	4
FETCH	0	016	4
FETCH	0	017	4
FETCH	0	018	4
FETCH	0	019	9964
FETCH	0	01a	9964
FETCH	0	01b	9964
FETCH	0	01c	9964
FETCH	0	01d	9964
FETCH	0	01e	4
FETCH	0	01f	4
FETCH	0	020	4
FETCH	0	021	4
FETCH	0	022	4
FETCH	0	023	4
FETCH	0	024	4
FETCH	0	025	4
FETCH	0	026	4
FETCH	0	027	4
FETCH	0	028	4
FETCH	0	029	4
FETCH	0	02a	4
FETCH	0	02b	4
FETCH	0	02c	4
FETCH	0	02d	4
FETCH	0	02e	4
FETCH	0	02f	4
FETCH	0	030	4
FETCH	0	031	4
FETCH	0	032	4
FETCH	0	033	4
FETCH	0	034	4
FETCH	0	035	4
FETCH	0	036	4
FETCH	0	037	9964
FETCH	0	038	9964
FETCH	0	039	9964
FETCH	0	03a	9964
FETCH	0	03b	9871
FETCH	0	03c	9871
FETCH	0	03d	9964
FETCH	0	03e	9964
FETCH	0	03f	9964
FETCH	0	040	42
FETCH	0	041	42
FETCH	0	042	42
FETCH	0	043	42
FETCH	0	044	42
FETCH	0	045	42
FETCH	0	046	42
FETCH	0	047	42
FETCH	0	048	42
FETCH	0	049	42
FETCH	0	04a	9964
FETCH	0	04b	9964
FETCH	0	04c	9964
FETCH	0	04d	9964
FETCH	0	04e	9964
FETCH	0	04f	9964
FETCH	0	050	9964
FETCH	0	051	9964
FETCH	0	052	9964
FETCH	0	053	9964
FETCH	0	054	9964
FETCH	0	055	19803
FETCH	0	056	19803
FETCH	0	057	19803
FETCH	0	058	9964
FETCH	0	059	9964
FETCH	0	05a	4
FETCH	0	05b	4
FETCH	0	05c	4
FETCH	0	05d	4
FETCH	0	05e	4
FETCH	0	05f	4
FETCH	0	060	4
FETCH	0	061	4
FETCH	0	062	4
FETCH	0	063	4
FETCH	0	064	4
FETCH	0	065	4
FETCH	0	066	4
FETCH	0	067	4
FETCH	0	068	4
FETCH	0	069	4
FETCH	0	06a	4
FETCH	0	06b	4
FETCH	0	06c	4
FETCH	0	06d	4
FETCH	0	06e	4
FETCH	0	06f	4
FETCH	0	070	4
FETCH	0	071	4
FETCH	0	072	4
FETCH	0	073	4
FETCH	0	074	4
FETCH	0	075	4
FETCH	0	076	5
FETCH	0	077	9925
FETCH	0	078	5
FETCH	0	079	12
FETCH	0	07a	5
FETCH	0	07b	28
FETCH	0	07c	9843
FETCH	0	07d	8
FETCH	0	07e	4
FETCH	0	07f	4
FETCH	0	080	4
FETCH	0	081	4
FETCH	0	082	6
FETCH	0	083	6
FETCH	0	084	6
FETCH	0	085	6
FETCH	0	086	9927
FETCH	0	087	9927
FETCH	0	088	9926
FETCH	0	089	9926
FETCH	0	08a	9926
FETCH	0	08b	9926
FETCH	0	08c	5
FETCH	0	08d	5
FETCH	0	08e	5
FETCH	0	08f	5
FETCH	0	090	5
FETCH	0	091	5
FETCH	0	092	5
FETCH	0	093	5
FETCH	0	094	5
FETCH	0	095	5
FETCH	0	096	5
FETCH	0	097	5
FETCH	0	098	13
FETCH	0	099	13
FETCH	0	09a	13
FETCH	0	09b	13
FETCH	0	09c	12
FETCH	0	09d	12
FETCH	0	09e	12
FETCH	0	09f	12
FETCH	0	0a0	12
FETCH	0	0a1	12
FETCH	0	0a2	4
FETCH	0	0a3	12
FETCH	0	0a4	12
FETCH	0	0a5	12
FETCH	0	0a6	12
FETCH	0	0a7	5
FETCH	0	0a8	5
FETCH	0	0a9	5
FETCH	0	0aa	5
FETCH	0	0ab	5
FETCH	0	0ac	5
FETCH	0	0ad	5
FETCH	0	0ae	5
FETCH	0	0af	5
FETCH	0	0b0	5
FETCH	0	0b1	5
FETCH	0	0b2	5
FETCH	0	0b3	5
FETCH	0	0b4	5
FETCH	0	0b5	5
FETCH	0	0b6	9843
FETCH	0	0b7	9843
FETCH	0	0b8	9843
FETCH	0	0b9	9843
FETCH	0	0ba	9843
FETCH	0	0bb	9843
FETCH	0	0bc	9843
FETCH	0	0bd	9840
FETCH	0	0be	9840
FETCH	0	0bf	9840
FETCH	0	0c0	9840
FETCH	0	0c1	7
FETCH	0	0c2	7
FETCH	0	0c3	7
FETCH	0	0c4	7
FETCH	0	0c5	7
FETCH	0	0c6	7
FETCH	0	0c7	7
FETCH	0	0c8	4
FETCH	0	0c9	4
FETCH	0	0ca	7
FETCH	0	0cb	7
FETCH	0	0cc	7
FETCH	0	0cd	7
FETCH	0	0ce	7
FETCH	0	0cf	7
FETCH	0	0d0	7
FETCH	0	0d1	7
FETCH	0	0d2	7
FETCH	0	0d3	7
FETCH	0	0d4	7
FETCH	0	0d5	28
FETCH	0	0d6	28
FETCH	0	0d7	7
FETCH	0	0d8	7
FETCH	0	0d9	28
FETCH	0	0da	28
FETCH	0	0db	28
FETCH	0	0dc	28
FETCH	0	0dd	28
FETCH	0	0de	28
FETCH	0	0df	28
FETCH	0	0e0	18
FETCH	0	0e1	18
FETCH	0	0e2	18
FETCH	0	0e3	18
FETCH	0	0e4	21
FETCH	0	0e5	35
FETCH	0	0e6	35
FETCH	0	0e7	35
FETCH	0	0e8	35
FETCH	0	0e9	35
FETCH	0	0ea	35
FETCH	0	0eb	35
FETCH	0	0ec	8
FETCH	0	0ed	8
FETCH	0	0ee	8
FETCH	0	0ef	8
FETCH	0	0f0	8
FETCH	0	0f1	8
FETCH	0	0f2	8
FETCH	0	0f3	4
FETCH	0	0f4	4
FETCH	0	0f5	4
FETCH	0	0f6	4
FETCH	0	0f7	4
FETCH	0	0f8	260
FETCH	0	0f9	260
FETCH	0	0fa	260
FETCH	0	0fb	260
FETCH	0	0fc	260
FETCH	0	0fd	260
FETCH	0	0fe	5
FETCH	0	0ff	5
FETCH	0	100	6
FETCH	0	101	6
FETCH	0	102	6
FETCH	0	103	6
FETCH	0	104	4
FETCH	0	105	4
FETCH	0	106	4
FETCH	0	107	4
FETCH	0	108	4
FETCH	0	109	4
FETCH	0	10a	4
FETCH	0	10b	4
FETCH	0	10c	4
FETCH	0	10d	4
FETCH	0	10e	4
FETCH	0	10f	4
FETCH	0	110	4
FETCH	0	111	4
FETCH	0	112	4
FETCH	0	113	4
FETCH	0	114	4
FETCH	0	115	4
FETCH	0	116	4
FETCH	0	117	4
FETCH	0	118	4
FETCH	0	119	4
FETCH	0	11a	4
FETCH	0	11b	4
FETCH	0	11c	4
FETCH	0	11d	5
FETCH	0	11e	4
FETCH	0	11f	4
FETCH	0	120	4
FETCH	0	121	4
FETCH	0	122	4
FETCH	0	123	4
FETCH	0	124	4
FETCH	0	125	4
FETCH	0	126	4
FETCH	0	127	4
FETCH	0	128	4
FETCH	0	129	4
FETCH	0	12a	4
FETCH	0	12b	4
FETCH	0	12c	4
FETCH	0	12d	4
FETCH	0	12e	4
FETCH	0	12f	4
FETCH	0	130	4
FETCH	0	131	4
FETCH	0	132	4
FETCH	0	133	4
FETCH	0	134	4
FETCH	0	135	4
FETCH	0	136	4
FETCH	0	137	4
FETCH	0	138	5
FETCH	0	139	4
FETCH	0	13a	4
FETCH	0	13b	4
FETCH	0	13c	4
FETCH	0	13d	4
FETCH	0	13e	4
FETCH	0	13f	4
FETCH	0	140	4
FETCH	0	141	4
FETCH	0	142	4
FETCH	0	143	4
FETCH	0	144	4
FETCH	0	145	4
FETCH	0	146	4
FETCH	0	147	4
FETCH	0	148	4
FETCH	0	149	4
FETCH	0	14a	4
FETCH	0	14b	4
FETCH	0	14c	4
FETCH	0	14d	4
FETCH	0	14e	4
FETCH	0	14f	4
FETCH	0	150	4
FETCH	0	151	4
FETCH	0	152	4
FETCH	0	153	4
FETCH	0	154	4
FETCH	0	155	5
FETCH	0	156	5
FETCH	0	157	5
FETCH	0	158	5
FETCH	0	159	5
FETCH	0	15a	5
FETCH	0	15b	5
FETCH	0	15c	5
FETCH	0	15d	5
FETCH	0	15e	5
FETCH	0	15f	5
FETCH	0	160	5
FETCH	0	161	5
FETCH	0	162	4
FETCH	0	163	4
FETCH	0	164	4
FETCH	0	165	4
FETCH	0	166	4
FETCH	0	167	4
FETCH	0	168	4
FETCH	0	169	4
FETCH	0	16a	4
FETCH	0	16b	4
FETCH	0	16c	4
FETCH	0	16d	4
FETCH	0	16e	4
FETCH	0	16f	4
FETCH	0	170	4
FETCH	0	171	5
FETCH	0	172	5
FETCH	0	173	5
FETCH	0	174	5
FETCH	0	175	5
FETCH	0	176	5
FETCH	0	177	10
FETCH	0	178	10
FETCH	0	179	10
FETCH	0	17a	4
FETCH	0	17b	4
FETCH	0	17c	4
FETCH	0	17d	4
FETCH	0	17e	4
FETCH	0	17f	4
FETCH	0	180	4
FETCH	0	181	4
FETCH	0	182	10
FETCH	0	183	10
FETCH	0	184	5
FETCH	0	185	5
FETCH	0	186	5
FETCH	0	187	5
FETCH	0	188	5
FETCH	0	189	5
FETCH	0	18a	4
FETCH	0	18b	4
FETCH	0	18c	4
FETCH	0	18d	4
FETCH	0	18e	4
FETCH	0	18f	4
FETCH	0	190	6
FETCH	0	191	6
FETCH	0	192	6
FETCH	0	193	6
FETCH	0	194	6
FETCH	0	195	6
FETCH	0	196	6
FETCH	0	197	4
FETCH	0	198	4
FETCH	0	199	4
FETCH	0	19a	4
FETCH	0	19b	4
FETCH	0	19c	4
FETCH	0	19d	4
FETCH	0	19e	4
FETCH	0	19f	4
FETCH	0	1a0	4
FETCH	0	1a1	4
FETCH	0	1a2	4
FETCH	0	1a3	6
FETCH	0	1a4	5
FETCH	0	1a5	5
FETCH	0	1a6	5
FETCH	0	1a7	5
FETCH	0	1a8	5
FETCH	0	1a9	5
FETCH	0	1aa	5
FETCH	0	1ab	5
FETCH	0	1ac	5
FETCH	0	1ad	5
FETCH	0	1ae	5
FETCH	0	1af	4
FETCH	0	1b0	4
FETCH	0	1b1	4
FETCH	0	1b2	4
FETCH	0	1b3	4
FETCH	0	1b4	4
FETCH	0	1b5	4
FETCH	0	1b6	4
FETCH	0	1b7	4
FETCH	0	1b8	5
FETCH	0	1b9	7
FETCH	0	1ba	7
FETCH	0	1bb	7
FETCH	0	1bc	7
FETCH	0	1bd	4
FETCH	0	1be	4
FETCH	0	1bf	4
FETCH	0	1c0	4
FETCH	0	1c1	4
FETCH	0	1c2	4
FETCH	0	1c3	4
FETCH	0	1c4	7
FETCH	0	1c5	7
FETCH	0	1c6	7
FETCH	0	1c7	7
FETCH	0	1c8	7
FETCH	0	1c9	7
FETCH	0	1ca	7
FETCH	0	1cb	7
FETCH	0	1cc	7
FETCH	0	1cd	7
FETCH	0	1ce	7
FETCH	0	1cf	7
FETCH	0	1d0	7
FETCH	0	1d1	7
FETCH	0	1d2	4
FETCH	0	1d3	4
FETCH	0	1d4	7
FETCH	0	1d5	4
FETCH	0	1d6	4
FETCH	0	1d7	4
FETCH	0	1d8	4
FETCH	0	1d9	4
FETCH	0	1da	4
FETCH	0	1db	4
FETCH	0	1dc	4
FETCH	0	1dd	4
FETCH	0	1de	4
FETCH	0	1df	4
FETCH	0	1e0	4
FETCH	0	1e1	4
FETCH	0	1e2	4
FETCH	0	1e3	4
FETCH	0	1e4	4
FETCH	0	1e5	4
FETCH	0	1e6	4
FETCH	0	1e7	4
FETCH	0	1e8	4
FETCH	0	1e9	4
FETCH	0	1ea	4
FETCH	0	1eb	4
FETCH	0	1ec	4
FETCH	0	1ed	4
FETCH	0	1ee	4
FETCH	0	1ef	4
FETCH	0	1f0	4
FETCH	0	1f1	4
FETCH	0	1f2	4
FETCH	0	1f3	4
FETCH	0	1f4	4
FETCH	0	1f5	4
FETCH	0	1f6	4
FETCH	0	1f7	4
FETCH	0	1f8	260
FETCH	0	1f9	260
FETCH	0	1fa	260
FETCH	0	1fb	260
FETCH	0	1fc	260
FETCH	0	1fd	260
FETCH	0	1fe	5
FETCH	0	1ff	5
FETCH	0	200	4
FETCH	0	201	4
FETCH	0	202	4
FETCH	0	203	4
FETCH	0	204	4
FETCH	0	205	4
FETCH	0	206	4
FETCH	0	207	4
FETCH	0	208	4
FETCH	0	209	4
FETCH	0	20a	4
FETCH	0	20b	4
FETCH	0	20c	4
FETCH	0	20d	4
FETCH	0	20e	4
FETCH	0	20f	4
FETCH	0	210	4
FETCH	0	211	4
FETCH	0	212	4
FETCH	0	213	4
FETCH	0	214	4
FETCH	0	215	4
FETCH	0	216	4
FETCH	0	217	4
FETCH	0	218	4
FETCH	0	219	4
FETCH	0	21a	4
FETCH	0	21b	4
FETCH	0	21c	4
FETCH	0	21d	4
FETCH	0	21e	4
FETCH	0	21f	4
FETCH	0	220	4
FETCH	0	221	4
FETCH	0	222	4
FETCH	0	223	4
FETCH	0	224	4
FETCH	0	225	4
FETCH	0	226	4
FETCH	0	227	4
FETCH	0	228	4
FETCH	0	229	4
FETCH	0	22a	4
FETCH	0	22b	4
FETCH	0	22c	4
FETCH	0	22d	4
FETCH	0	22e	4
FETCH	0	22f	4
FETCH	0	230	4
FETCH	0	231	4
FETCH	0	232	4
FETCH	0	233	4
FETCH	0	234	4
FETCH	0	235	4
FETCH	0	236	4
FETCH	0	237	4
FETCH	0	238	4
FETCH	0	239	4
FETCH	0	23a	4
FETCH	0	23b	4
FETCH	0	23c	4
FETCH	0	23d	4
FETCH	0	23e	4
FETCH	0	23f	4
FETCH	0	240	4
FETCH	0	241	4
FETCH	0	242	4
FETCH	0	243	4
FETCH	0	244	4
FETCH	0	245	4
FETCH	0	246	4
FETCH	0	247	4
FETCH	0	248	4
FETCH	0	249	4
FETCH	0	24a	4
FETCH	0	24b	4
FETCH	0	24c	4
FETCH	0	24d	4
FETCH	0	24e	4
FETCH	0	24f	4
FETCH	0	250	4
FETCH	0	251	4
FETCH	0	252	4
FETCH	0	253	4
FETCH	0	254	4
FETCH	0	255	4
FETCH	0	256	4
FETCH	0	257	4
FETCH	0	258	4
FETCH	0	259	4
FETCH	0	25a	4
FETCH	0	25b	4
FETCH	0	25c	4
FETCH	0	25d	4
FETCH	0	25e	4
FETCH	0	25f	4
FETCH	0	260	4
FETCH	0	261	4
FETCH	0	262	4
FETCH	0	263	4
FETCH	0	264	4
FETCH	0	265	4
FETCH	0	266	4
FETCH	0	267	4
FETCH	0	268	4
FETCH	0	269	4
FETCH	0	26a	4
FETCH	0	26b	4
FETCH	0	26c	4
FETCH	0	26d	4
FETCH	0	26e	4
FETCH	0	26f	4
FETCH	0	270	4
FETCH	0	271	4
FETCH	0	272	4
FETCH	0	273	4
FETCH	0	274	4
FETCH	0	275	4
FETCH	0	276	4
FETCH	0	277	4
FETCH	0	278	4
FETCH	0	279	4
FETCH	0	27a	4
FETCH	0	27b	4
FETCH	0	27c	4
FETCH	0	27d	4
FETCH	0	27e	4
FETCH	0	27f	4
FETCH	0	280	4
FETCH	0	281	4
FETCH	0	282	4
FETCH	0	283	4
FETCH	0	284	4
FETCH	0	285	4
FETCH	0	286	4
FETCH	0	287	4
FETCH	0	288	4
FETCH	0	289	4
FETCH	0	28a	4
FETCH	0	28b	4
FETCH	0	28c	4
FETCH	0	28d	4
FETCH	0	28e	4
FETCH	0	28f	4
FETCH	0	290	4
FETCH	0	291	4
FETCH	0	292	4
FETCH	0	293	4
FETCH	0	294	4
FETCH	0	295	4
FETCH	0	296	4
FETCH	0	297	4
FETCH	0	298	4
FETCH	0	299	4
FETCH	0	29a	4
FETCH	0	29b	4
FETCH	0	29c	4
FETCH	0	29d	4
FETCH	0	29e	4
FETCH	0	29f	4
FETCH	0	2a0	4
FETCH	0	2a1	4
FETCH	0	2a2	4
FETCH	0	2a3	4
FETCH	0	2a4	4
FETCH	0	2a5	4
FETCH	0	2a6	4
FETCH	0	2a7	4
FETCH	0	2a8	4
FETCH	0	2a9	4
FETCH	0	2aa	4
FETCH	0	2ab	4
FETCH	0	2ac	4
FETCH	0	2ad	4
FETCH	0	2ae	4
FETCH	0	2af	4
FETCH	0	2b0	4
FETCH	0	2b1	4
FETCH	0	2b2	4
FETCH	0	2b3	4
FETCH	0	2b4	4
FETCH	0	2b5	4
FETCH	0	2b6	4
FETCH	0	2b7	4
FETCH	0	2b8	4
FETCH	0	2b9	4
FETCH	0	2ba	4
FETCH	0	2bb	4
FETCH	0	2bc	4
FETCH	0	2bd	4
FETCH	0	2be	4
FETCH	0	2bf	4
FETCH	0	2c0	4
FETCH	0	2c1	4
FETCH	0	2c2	4
FETCH	0	2c3	4
FETCH	0	2c4	4
FETCH	0	2c5	4
FETCH	0	2c6	4
FETCH	0	2c7	4
FETCH	0	2c8	4
FETCH	0	2c9	4
FETCH	0	2ca	4
FETCH	0	2cb	4
FETCH	0	2cc	4
FETCH	0	2cd	4
FETCH	0	2ce	4
FETCH	0	2cf	4
FETCH	0	2d0	4
FETCH	0	2d1	4
FETCH	0	2d2	4
FETCH	0	2d3	4
FETCH	0	2d4	4
FETCH	0	2d5	4
FETCH	0	2d6	4
FETCH	0	2d7	4
FETCH	0	2d8	4
FETCH	0	2d9	4
FETCH	0	2da	4
FETCH	0	2db	4
FETCH	0	2dc	4
FETCH	0	2dd	4
FETCH	0	2de	4
FETCH	0	2df	4
FETCH	0	2e0	4
FETCH	0	2e1	4
FETCH	0	2e2	4
FETCH	0	2e3	4
FETCH	0	2e4	4
FETCH	0	2e5	4
FETCH	0	2e6	4
FETCH	0	2e7	4
FETCH	0	2e8	4
FETCH	0	2e9	4
FETCH	0	2ea	4
FETCH	0	2eb	4
FETCH	0	2ec	4
FETCH	0	2ed	4
FETCH	0	2ee	4
FETCH	0	2ef	4
FETCH	0	2f0	4
FETCH	0	2f1	4
FETCH	0	2f2	4
FETCH	0	2f3	4
FETCH	0	2f4	4
FETCH	0	2f5	4
FETCH	0	2f6	4
FETCH	0	2f7	4
FETCH	0	2f8	260
FETCH	0	2f9	260
FETCH	0	2fa	260
FETCH	0	2fb	260
FETCH	0	2fc	260
FETCH	0	2fd	260
FETCH	0	2fe	5
FETCH	0	2ff	5
FETCH	0	300	4
FETCH	0	301	4
FETCH	0	302	4
FETCH	0	303	4
FETCH	0	304	4
FETCH	0	305	4
FETCH	0	306	4
FETCH	0	307	4
FETCH	0	308	4
FETCH	0	309	4
FETCH	0	30a	4
FETCH	0	30b	4
FETCH	0	30c	4
FETCH	0	30d	4
FETCH	0	30e	4
FETCH	0	30f	4
FETCH	0	310	4
FETCH	0	311	4
FETCH	0	312	4
FETCH	0	313	4
FETCH	0	314	4
FETCH	0	315	4
FETCH	0	316	4
FETCH	0	317	4
FETCH	0	318	4
FETCH	0	319	4
FETCH	0	31a	4
FETCH	0	31b	4
FETCH	0	31c	4
FETCH	0	31d	4
FETCH	0	31e	4
FETCH	0	31f	4
FETCH	0	320	4
FETCH	0	321	4
FETCH	0	322	4
FETCH	0	323	4
FETCH	0	324	4
FETCH	0	325	4
FETCH	0	326	4
FETCH	0	327	4
FETCH	0	328	4
FETCH	0	329	4
FETCH	0	32a	4
FETCH	0	32b	4
FETCH	0	32c	4
FETCH	0	32d	4
FETCH	0	32e	4
FETCH	0	32f	4
FETCH	0	330	4
FETCH	0	331	4
FETCH	0	332	4
FETCH	0	333	4
FETCH	0	334	4
FETCH	0	335	4
FETCH	0	336	4
FETCH	0	337	4
FETCH	0	338	4
FETCH	0	339	4
FETCH	0	33a	4
FETCH	0	33b	4
FETCH	0	33c	4
FETCH	0	33d	6
FETCH	0	33e	4
FETCH	0	33f	4
FETCH	0	340	4
FETCH	0	341	4
FETCH	0	342	4
FETCH	0	343	4
FETCH	0	344	4
FETCH	0	345	4
FETCH	0	346	4
FETCH	0	347	4
FETCH	0	348	4
FETCH	0	349	4
FETCH	0	34a	4
FETCH	0	34b	4
FETCH	0	34c	4
FETCH	0	34d	4
FETCH	0	34e	4
FETCH	0	34f	4
FETCH	0	350	4
FETCH	0	351	4
FETCH	0	352	4
FETCH	0	353	4
FETCH	0	354	4
FETCH	0	355	4
FETCH	0	356	4
FETCH	0	357	4
FETCH	0	358	4
FETCH	0	359	4
FETCH	0	35a	4
FETCH	0	35b	4
FETCH	0	35c	4
FETCH	0	35d	4
FETCH	0	35e	4
FETCH	0	35f	4
FETCH	0	360	5
FETCH	0	361	4
FETCH	0	362	4
FETCH	0	363	4
FETCH	0	364	4
FETCH	0	365	4
FETCH	0	366	4
FETCH	0	367	4
FETCH	0	368	4
FETCH	0	369	4
FETCH	0	36a	4
FETCH	0	36b	4
FETCH	0	36c	4
FETCH	0	36d	4
FETCH	0	36e	4
FETCH	0	36f	4
FETCH	0	370	4
FETCH	0	371	4
FETCH	0	372	4
FETCH	0	373	4
FETCH	0	374	4
FETCH	0	375	4
FETCH	0	376	4
FETCH	0	377	6
FETCH	0	378	6
FETCH	0	379	6
FETCH	0	37a	6
FETCH	0	37b	6
FETCH	0	37c	6
FETCH	0	37d	6
FETCH	0	37e	6
FETCH	0	37f	6
FETCH	0	380	6
FETCH	0	381	4
FETCH	0	382	4
FETCH	0	383	4
FETCH	0	384	4
FETCH	0	385	6
FETCH	0	386	6
FETCH	0	387	6
FETCH	0	388	6
FETCH	0	389	6
FETCH	0	38a	6
FETCH	0	38b	6
FETCH	0	38c	6
FETCH	0	38d	6
FETCH	0	38e	6
FETCH	0	38f	6
FETCH	0	390	6
FETCH	0	391	6
FETCH	0	392	6
FETCH	0	393	6
FETCH	0	394	16
FETCH	0	395	16
FETCH	0	396	16
FETCH	0	397	16
FETCH	0	398	6
FETCH	0	399	6
FETCH	0	39a	6
FETCH	0	39b	6
FETCH	0	39c	4
FETCH	0	39d	4
FETCH	0	39e	4
FETCH	0	39f	4
FETCH	0	3a0	4
FETCH	0	3a1	4
FETCH	0	3a2	4
FETCH	0	3a3	4
FETCH	0	3a4	4
FETCH	0	3a5	4
FETCH	0	3a6	4
FETCH	0	3a7	4
FETCH	0	3a8	4
FETCH	0	3a9	4
FETCH	0	3aa	4
FETCH	0	3ab	6
FETCH	0	3ac	6
FETCH	0	3ad	6
FETCH	0	3ae	6
FETCH	0	3af	6
FETCH	0	3b0	4
FETCH	0	3b1	4
FETCH	0	3b2	4
FETCH	0	3b3	4
FETCH	0	3b4	4
FETCH	0	3b5	4
FETCH	0	3b6	4
FETCH	0	3b7	4
FETCH	0	3b8	4
FETCH	0	3b9	4
FETCH	0	3ba	6
FETCH	0	3bb	6
FETCH	0	3bc	6
FETCH	0	3bd	6
FETCH	0	3be	4
FETCH	0	3bf	4
FETCH	0	3c0	6
FETCH	0	3c1	6
FETCH	0	3c2	6
FETCH	0	3c3	6
FETCH	0	3c4	6
FETCH	0	3c5	6
FETCH	0	3c6	6
FETCH	0	3c7	6
FETCH	0	3c8	6
FETCH	0	3c9	6
FETCH	0	3ca	5
FETCH	0	3cb	5
FETCH	0	3cc	5
FETCH	0	3cd	4
FETCH	0	3ce	5
FETCH	0	3cf	5
FETCH	0	3d0	5
FETCH	0	3d1	5
FETCH	0	3d2	5
FETCH	0	3d3	5
FETCH	0	3d4	5
FETCH	0	3d5	6
FETCH	0	3d6	6
FETCH	0	3d7	6
FETCH	0	3d8	6
FETCH	0	3d9	6
FETCH	0	3da	6
FETCH	0	3db	6
FETCH	0	3dc	6
FETCH	0	3dd	6
FETCH	0	3de	6
FETCH	0	3df	6
FETCH	0	3e0	6
FETCH	0	3e1	4
FETCH	0	3e2	4
FETCH	0	3e3	4
FETCH	0	3e4	4
FETCH	0	3e5	4
FETCH	0	3e6	4
FETCH	0	3e7	4
FETCH	0	3e8	4
FETCH	0	3e9	4
FETCH	0	3ea	4
FETCH	0	3eb	249
FETCH	0	3ec	249
FETCH	0	3ed	249
FETCH	0	3ee	249
FETCH	0	3ef	249
FETCH	0	3f0	249
FETCH	0	3f1	249
FETCH	0	3f2	243
FETCH	0	3f3	243
FETCH	0	3f4	243
FETCH	0	3f5	249
FETCH	0	3f6	4
FETCH	0	3f7	4
FETCH	0	3f8	260
FETCH	0	3f9	260
FETCH	0	3fa	260
FETCH	0	3fb	260
FETCH	0	3fc	260
FETCH	0	3fd	260
FETCH	0	3fe	5
FETCH	0	3ff	5
FETCH	0	400	4
FETCH	0	401	4
FETCH	0	402	4
FETCH	0	403	4
FETCH	0	404	4
FETCH	0	405	4
FETCH	0	406	4
FETCH	0	407	4
FETCH	0	408	4
FETCH	0	409	4
FETCH	0	40a	4
FETCH	0	40b	4
FETCH	0	40c	4
FETCH	0	40d	4
FETCH	0	40e	4
FETCH	0	40f	4
FETCH	0	410	4
FETCH	0	411	4
FETCH	0	412	4
FETCH	0	413	4
FETCH	0	414	4
FETCH	0	415	4
FETCH	0	416	4
FETCH	0	417	4
FETCH	0	418	4
FETCH	0	419	4
FETCH	0	41a	4
FETCH	0	41b	4
FETCH	0	41c	4
FETCH	0	41d	4
FETCH	0	41e	4
FETCH	0	41f	4
FETCH	0	420	4
FETCH	0	421	4
FETCH	0	422	4
FETCH	0	423	4
FETCH	0	424	4
FETCH	0	425	4
FETCH	0	426	4
FETCH	0	427	4
FETCH	0	428	4
FETCH	0	429	4
FETCH	0	42a	4
FETCH	0	42b	4
FETCH	0	42c	4
FETCH	0	42d	4
FETCH	0	42e	4
FETCH	0	42f	4
FETCH	0	430	4
FETCH	0	431	4
FETCH	0	432	4
FETCH	0	433	4
FETCH	0	434	4
FETCH	0	435	4
FETCH	0	436	4
FETCH	0	437	4
FETCH	0	438	4
FETCH	0	439	4
FETCH	0	43a	4
FETCH	0	43b	4
FETCH	0	43c	4
FETCH	0	43d	4
FETCH	0	43e	4
FETCH	0	43f	4
FETCH	0	440	4
FETCH	0	441	4
FETCH	0	442	4
FETCH	0	443	4
FETCH	0	444	4
FETCH	0	445	4
FETCH	0	446	4
FETCH	0	447	4
FETCH	0	448	4
FETCH	0	449	4
FETCH	0	44a	4
FETCH	0	44b	4
FETCH	0	44c	4
FETCH	0	44d	4
FETCH	0	44e	4
FETCH	0	44f	4
FETCH	0	450	4
FETCH	0	451	4
FETCH	0	452	4
FETCH	0	453	4
FETCH	0	454	4
FETCH	0	455	4
FETCH	0	456	4
FETCH	0	457	4
FETCH	0	458	4
FETCH	0	459	4
FETCH	0	45a	4
FETCH	0	45b	4
FETCH	0	45c	4
FETCH	0	45d	4
FETCH	0	45e	4
FETCH	0	45f	4
FETCH	0	460	4
FETCH	0	461	4
FETCH	0	462	4
FETCH	0	463	4
FETCH	0	464	4
FETCH	0	465	4
FETCH	0	466	4
FETCH	0	467	4
FETCH	0	468	4
FETCH	0	469	4
FETCH	0	46a	4
FETCH	0	46b	4
FETCH	0	46c	4
FETCH	0	46d	4
FETCH	0	46e	4
FETCH	0	46f	4
FETCH	0	470	4
FETCH	0	471	4
FETCH	0	472	4
FETCH	0	473	4
FETCH	0	474	4
FETCH	0	475	4
FETCH	0	476	4
FETCH	0	477	4
FETCH	0	478	4
FETCH	0	479	4
FETCH	0	47a	4
FETCH	0	47b	4
FETCH	0	47c	4
FETCH	0	47d	4
FETCH	0	47e	4
FETCH	0	47f	4
FETCH	0	480	4
FETCH	0	481	4
FETCH	0	482	4
FETCH	0	483	4
FETCH	0	484	4
FETCH	0	485	4
FETCH	0	486	4
FETCH	0	487	4
FETCH	0	488	4
FETCH	0	489	4
FETCH	0	48a	4
FETCH	0	48b	4
FETCH	0	48c	4
FETCH	0	48d	4
FETCH	0	48e	4
FETCH	0	48f	4
FETCH	0	490	4
FETCH	0	491	4
FETCH	0	492	4
FETCH	0	493	4
FETCH	0	494	4
FETCH	0	495	4
FETCH	0	496	4
FETCH	0	497	4
FETCH	0	498	4
FETCH	0	499	4
FETCH	0	49a	4
FETCH	0	49b	4
FETCH	0	49c	4
FETCH	0	49d	4
FETCH	0	49e	4
FETCH	0	49f	4
FETCH	0	4a0	4
FETCH	0	4a1	4
FETCH	0	4a2	4
FETCH	0	4a3	4
FETCH	0	4a4	4
FETCH	0	4a5	4
FETCH	0	4a6	4
FETCH	0	4a7	4
FETCH	0	4a8	4
FETCH	0	4a9	4
FETCH	0	4aa	4
FETCH	0	4ab	4
FETCH	0	4ac	4
FETCH	0	4ad	4
FETCH	0	4ae	4
FETCH	0	4af	4
FETCH	0	4b0	4
FETCH	0	4b1	4
FETCH	0	4b2	4
FETCH	0	4b3	4
FETCH	0	4b4	4
FETCH	0	4b5	4
FETCH	0	4b6	4
FETCH	0	4b7	4
FETCH	0	4b8	4
FETCH	0	4b9	4
FETCH	0	4ba	4
FETCH	0	4bb	4
FETCH	0	4bc	4
FETCH	0	4bd	4
FETCH	0	4be	4
FETCH	0	4bf	4
FETCH	0	4c0	4
FETCH	0	4c1	4
FETCH	0	4c2	4
FETCH	0	4c3	4
FETCH	0	4c4	4
FETCH	0	4c5	4
FETCH	0	4c6	4
FETCH	0	4c7	4
FETCH	0	4c8	4
FETCH	0	4c9	4
FETCH	0	4ca	4
FETCH	0	4cb	4
FETCH	0	4cc	4
FETCH	0	4cd	4
FETCH	0	4ce	4
FETCH	0	4cf	4
FETCH	0	4d0	4
FETCH	0	4d1	4
FETCH	0	4d2	4
FETCH	0	4d3	4
FETCH	0	4d4	4
FETCH	0	4d5	4
FETCH	0	4d6	4
FETCH	0	4d7	4
FETCH	0	4d8	4
FETCH	0	4d9	4
FETCH	0	4da	4
FETCH	0	4db	4
FETCH	0	4dc	4
FETCH	0	4dd	4
FETCH	0	4de	4
FETCH	0	4df	4
FETCH	0	4e0	4
FETCH	0	4e1	4
FETCH	0	4e2	4
FETCH	0	4e3	4
FETCH	0	4e4	4
FETCH	0	4e5	4
FETCH	0	4e6	4
FETCH	0	4e7	4
FETCH	0	4e8	4
FETCH	0	4e9	4
FETCH	0	4ea	4
FETCH	0	4eb	4
FETCH	0	4ec	4
FETCH	0	4ed	4
FETCH	0	4ee	4
FETCH	0	4ef	4
FETCH	0	4f0	4
FETCH	0	4f1	4
FETCH	0	4f2	4
FETCH	0	4f3	4
FETCH	0	4f4	4
FETCH	0	4f5	4
FETCH	0	4f6	4
FETCH	0	4f7	4
FETCH	0	4f8	260
FETCH	0	4f9	260
FETCH	0	4fa	260
FETCH	0	4fb	260
FETCH	0	4fc	260
FETCH	0	4fd	260
FETCH	0	4fe	5
FETCH	0	4ff	5
FETCH	0	500	3037
FETCH	0	501	3037
FETCH	0	502	3037
FETCH	0	503	3037
FETCH	0	504	3037
FETCH	0	505	3037
FETCH	0	506	3037
FETCH	0	507	251
FETCH	0	508	251
FETCH	0	509	3037
FETCH	0	50a	3037
FETCH	0	50b	3037
FETCH	0	50c	3037
FETCH	0	50d	3037
FETCH	0	50e	4
FETCH	0	50f	4
FETCH	0	510	4
FETCH	0	511	4
FETCH	0	512	4
FETCH	0	513	4
FETCH	0	514	4
FETCH	0	515	4
FETCH	0	516	4
FETCH	0	517	4
FETCH	0	518	4
FETCH	0	519	4
FETCH	0	51a	4
FETCH	0	51b	4
FETCH	0	51c	4
FETCH	0	51d	4
FETCH	0	51e	4
FETCH	0	51f	4
FETCH	0	520	4
FETCH	0	521	4
FETCH	0	522	4
FETCH	0	523	4
FETCH	0	524	4
FETCH	0	525	4
FETCH	0	526	4
FETCH	0	527	4
FETCH	0	528	4
FETCH	0	529	4
FETCH	0	52a	4
FETCH	0	52b	4
FETCH	0	52c	4
FETCH	0	52d	3037
FETCH	0	52e	3037
FETCH	0	52f	3037
FETCH	0	530	3037
FETCH	0	531	3037
FETCH	0	532	3037
FETCH	0	533	3037
FETCH	0	534	3037
FETCH	0	535	3037
FETCH	0	536	3037
FETCH	0	537	3037
FETCH	0	538	3037
FETCH	0	539	21231
FETCH	0	53a	21230
FETCH	0	53b	21230
FETCH	0	53c	21230
FETCH	0	53d	4
FETCH	0	53e	4
FETCH	0	53f	4
FETCH	0	540	21230
FETCH	0	541	21230
FETCH	0	542	21230
FETCH	0	543	21230
FETCH	0	544	21230
FETCH	0	545	21230
FETCH	0	546	3036
FETCH	0	547	3036
FETCH	0	548	15164
FETCH	0	549	15164
FETCH	0	54a	15164
FETCH	0	54b	15164
FETCH	0	54c	15164
FETCH	0	54d	15164
FETCH	0	54e	249
FETCH	0	54f	249
FETCH	0	550	249
FETCH	0	551	15164
FETCH	0	552	15164
FETCH	0	553	15164
FETCH	0	554	15164
FETCH	0	555	12132
FETCH	0	556	12132
FETCH	0	557	3036
FETCH	0	558	3036
FETCH	0	559	3036
FETCH	0	55a	3036
FETCH	0	55b	3036
FETCH	0	55c	3036
FETCH	0	55d	3036
FETCH	0	55e	3036
FETCH	0	55f	3036
FETCH	0	560	4
FETCH	0	561	4
FETCH	0	562	4
FETCH	0	563	4
FETCH	0	564	4
FETCH	0	565	4
FETCH	0	566	4
FETCH	0	567	4
FETCH	0	568	4
FETCH	0	569	4
FETCH	0	56a	4
FETCH	0	56b	4
FETCH	0	56c	4
FETCH	0	56d	4
FETCH	0	56e	4
FETCH	0	56f	4
FETCH	0	570	4
FETCH	0	571	4
FETCH	0	572	4
FETCH	0	573	4
FETCH	0	574	4
FETCH	0	575	4
FETCH	0	576	4
FETCH	0	577	4
FETCH	0	578	4
FETCH	0	579	4
FETCH	0	57a	4
FETCH	0	57b	4
FETCH	0	57c	4
FETCH	0	57d	4
FETCH	0	57e	4
FETCH	0	57f	4
FETCH	0	580	4
FETCH	0	581	4
FETCH	0	582	4
FETCH	0	583	4
FETCH	0	584	4
FETCH	0	585	4
FETCH	0	586	4
FETCH	0	587	4
FETCH	0	588	4
FETCH	0	589	3036
FETCH	0	58a	3036
FETCH	0	58b	5
FETCH	0	58c	5
FETCH	0	58d	249
FETCH	0	58e	249
FETCH	0	58f	249
FETCH	0	590	249
FETCH	0	591	251
FETCH	0	592	251
FETCH	0	593	251
FETCH	0	594	251
FETCH	0	595	247
FETCH	0	596	247
FETCH	0	597	247
FETCH	0	598	247
FETCH	0	599	247
FETCH	0	59a	247
FETCH	0	59b	247
FETCH	0	59c	247
FETCH	0	59d	247
FETCH	0	59e	247
FETCH	0	59f	247
FETCH	0	5a0	247
FETCH	0	5a1	247
FETCH	0	5a2	247
FETCH	0	5a3	247
FETCH	0	5a4	4
FETCH	0	5a5	8
FETCH	0	5a6	8
FETCH	0	5a7	8
FETCH	0	5a8	8
FETCH	0	5a9	8
FETCH	0	5aa	8
FETCH	0	5ab	6
FETCH	0	5ac	6
FETCH	0	5ad	6
FETCH	0	5ae	6
FETCH	0	5af	6
FETCH	0	5b0	4
FETCH	0	5b1	4
FETCH	0	5b2	4
FETCH	0	5b3	4
FETCH	0	5b4	4
FETCH	0	5b5	6
FETCH	0	5b6	6
FETCH	0	5b7	6
FETCH	0	5b8	6
FETCH	0	5b9	6
FETCH	0	5ba	10
FETCH	0	5bb	10
FETCH	0	5bc	10
FETCH	0	5bd	10
FETCH	0	5be	6
FETCH	0	5bf	10
FETCH	0	5c0	10
FETCH	0	5c1	10
FETCH	0	5c2	6
FETCH	0	5c3	6
FETCH	0	5c4	6
FETCH	0	5c5	6
FETCH	0	5c6	6
FETCH	0	5c7	6
FETCH	0	5c8	6
FETCH	0	5c9	6
FETCH	0	5ca	6
FETCH	0	5cb	6
FETCH	0	5cc	6
FETCH	0	5cd	6
FETCH	0	5ce	6
FETCH	0	5cf	6
FETCH	0	5d0	6
FETCH	0	5d1	6
FETCH	0	5d2	6
FETCH	0	5d3	6
FETCH	0	5d4	6
FETCH	0	5d5	6
FETCH	0	5d6	6
FETCH	0	5d7	6
FETCH	0	5d8	6
FETCH	0	5d9	6
FETCH	0	5da	6
FETCH	0	5db	6
FETCH	0	5dc	6
FETCH	0	5dd	6
FETCH	0	5de	6
FETCH	0	5df	6
FETCH	0	5e0	6
FETCH	0	5e1	6
FETCH	0	5e2	6
FETCH	0	5e3	249
FETCH	0	5e4	249
FETCH	0	5e5	249
FETCH	0	5e6	4
FETCH	0	5e7	4
FETCH	0	5e8	4
FETCH	0	5e9	4
FETCH	0	5ea	4
FETCH	0	5eb	5
FETCH	0	5ec	5
FETCH	0	5ed	5
FETCH	0	5ee	5
FETCH	0	5ef	5
FETCH	0	5f0	5
FETCH	0	5f1	5
FETCH	0	5f2	5
FETCH	0	5f3	4
FETCH	0	5f4	4
FETCH	0	5f5	4
FETCH	0	5f6	4
FETCH	0	5f7	4
FETCH	0	5f8	260
FETCH	0	5f9	260
FETCH	0	5fa	260
FETCH	0	5fb	260
FETCH	0	5fc	260
FETCH	0	5fd	260
FETCH	0	5fe	5
FETCH	0	5ff	5
FETCH	0	600	4
FETCH	0	601	4
FETCH	0	602	251
FETCH	0	603	251
FETCH	0	604	251
FETCH	0	605	251
FETCH	0	606	251
FETCH	0	607	251
FETCH	0	608	251
FETCH	0	609	251
FETCH	0	60a	251
FETCH	0	60b	251
FETCH	0	60c	251
FETCH	0	60d	251
FETCH	0	60e	251
FETCH	0	60f	6
FETCH	0	610	10
FETCH	0	611	249
FETCH	0	612	249
FETCH	0	613	249
FETCH	0	614	249
FETCH	0	615	249
FETCH	0	616	249
FETCH	0	617	249
FETCH	0	618	249
FETCH	0	619	249
FETCH	0	61a	249
FETCH	0	61b	249
FETCH	0	61c	249
FETCH	0	61d	249
FETCH	0	61e	26
FETCH	0	61f	26
FETCH	0	620	26
FETCH	0	621	26
FETCH	0	622	6
FETCH	0	623	6
FETCH	0	624	6
FETCH	0	625	6
FETCH	0	626	4
FETCH	0	627	4
FETCH	0	628	4
FETCH	0	629	4
FETCH	0	62a	4
FETCH	0	62b	4
FETCH	0	62c	4
FETCH	0	62d	4
FETCH	0	62e	4
FETCH	0	62f	4
FETCH	0	630	4
FETCH	0	631	4
FETCH	0	632	4
FETCH	0	633	4
FETCH	0	634	227
FETCH	0	635	227
FETCH	0	636	227
FETCH	0	637	227
FETCH	0	638	227
FETCH	0	639	227
FETCH	0	63a	227
FETCH	0	63b	227
FETCH	0	63c	227
FETCH	0	63d	227
FETCH	0	63e	227
FETCH	0	63f	227
FETCH	0	640	227
FETCH	0	641	227
FETCH	0	642	8
FETCH	0	643	8
FETCH	0	644	8
FETCH	0	645	8
FETCH	0	646	8
FETCH	0	647	8
FETCH	0	648	8
FETCH	0	649	8
FETCH	0	64a	4
FETCH	0	64b	4
FETCH	0	64c	4
FETCH	0	64d	4
FETCH	0	64e	4
FETCH	0	64f	4
FETCH	0	650	4
FETCH	0	651	4
FETCH	0	652	4
FETCH	0	653	4
FETCH	0	654	4
FETCH	0	655	4
FETCH	0	656	4
FETCH	0	657	4
FETCH	0	658	4
FETCH	0	659	4
FETCH	0	65a	4
FETCH	0	65b	4
FETCH	0	65c	4
FETCH	0	65d	4
FETCH	0	65e	4
FETCH	0	65f	4
FETCH	0	660	4
FETCH	0	661	4
FETCH	0	662	4
FETCH	0	663	4
FETCH	0	664	4
FETCH	0	665	4
FETCH	0	666	4
FETCH	0	667	4
FETCH	0	668	4
FETCH	0	669	4
FETCH	0	66a	4
FETCH	0	66b	4
FETCH	0	66c	4
FETCH	0	66d	4
FETCH	0	66e	4
FETCH	0	66f	4
FETCH	0	670	4
FETCH	0	671	4
FETCH	0	672	4
FETCH	0	673	4
FETCH	0	674	4
FETCH	0	675	4
FETCH	0	676	4
FETCH	0	677	4
FETCH	0	678	4
FETCH	0	679	4
FETCH	0	67a	4
FETCH	0	67b	4
FETCH	0	67c	4
FETCH	0	67d	4
FETCH	0	67e	4
FETCH	0	67f	4
FETCH	0	680	4
FETCH	0	681	4
FETCH	0	682	4
FETCH	0	683	4
FETCH	0	684	4
FETCH	0	685	4
FETCH	0	686	4
FETCH	0	687	4
FETCH	0	688	4
FETCH	0	689	4
FETCH	0	68a	4
FETCH	0	68b	4
FETCH	0	68c	4
FETCH	0	68d	4
FETCH	0	68e	4
FETCH	0	68f	4
FETCH	0	690	4
FETCH	0	691	4
FETCH	0	692	4
FETCH	0	693	4
FETCH	0	694	4
FETCH	0	695	4
FETCH	0	696	4
FETCH	0	697	4
FETCH	0	698	4
FETCH	0	699	4
FETCH	0	69a	4
FETCH	0	69b	4
FETCH	0	69c	4
FETCH	0	69d	4
FETCH	0	69e	4
FETCH	0	69f	4
FETCH	0	6a0	4
FETCH	0	6a1	4
FETCH	0	6a2	4
FETCH	0	6a3	4
FETCH	0	6a4	4
FETCH	0	6a5	4
FETCH	0	6a6	4
FETCH	0	6a7	4
FETCH	0	6a8	4
FETCH	0	6a9	4
FETCH	0	6aa	4
FETCH	0	6ab	4
FETCH	0	6ac	4
FETCH	0	6ad	4
FETCH	0	6ae	4
FETCH	0	6af	4
FETCH	0	6b0	4
FETCH	0	6b1	4
FETCH	0	6b2	4
FETCH	0	6b3	4
FETCH	0	6b4	4
FETCH	0	6b5	4
FETCH	0	6b6	4
FETCH	0	6b7	4
FETCH	0	6b8	4
FETCH	0	6b9	4
FETCH	0	6ba	4
FETCH	0	6bb	4
FETCH	0	6bc	4
FETCH	0	6bd	4
FETCH	0	6be	4
FETCH	0	6bf	4
FETCH	0	6c0	4
FETCH	0	6c1	4
FETCH	0	6c2	4
FETCH	0	6c3	4
FETCH	0	6c4	4
FETCH	0	6c5	4
FETCH	0	6c6	4
FETCH	0	6c7	4
FETCH	0	6c8	4
FETCH	0	6c9	4
FETCH	0	6ca	4
FETCH	0	6cb	4
FETCH	0	6cc	4
FETCH	0	6cd	4
FETCH	0	6ce	4
FETCH	0	6cf	4
FETCH	0	6d0	4
FETCH	0	6d1	4
FETCH	0	6d2	4
FETCH	0	6d3	4
FETCH	0	6d4	4
FETCH	0	6d5	4
FETCH	0	6d6	4
FETCH	0	6d7	4
FETCH	0	6d8	4
FETCH	0	6d9	4
FETCH	0	6da	4
FETCH	0	6db	4
FETCH	0	6dc	4
FETCH	0	6dd	4
FETCH	0	6de	4
FETCH	0	6df	4
FETCH	0	6e0	4
FETCH	0	6e1	4
FETCH	0	6e2	4
FETCH	0	6e3	4
FETCH	0	6e4	4
FETCH	0	6e5	4
FETCH	0	6e6	4
FETCH	0	6e7	4
FETCH	0	6e8	4
FETCH	0	6e9	4
FETCH	0	6ea	4
FETCH	0	6eb	4
FETCH	0	6ec	4
FETCH	0	6ed	4
FETCH	0	6ee	4
FETCH	0	6ef	4
FETCH	0	6f0	4
FETCH	0	6f1	4
FETCH	0	6f2	4
FETCH	0	6f3	4
FETCH	0	6f4	4
FETCH	0	6f5	4
FETCH	0	6f6	4
FETCH	0	6f7	4
FETCH	0	6f8	260
FETCH	0	6f9	260
FETCH	0	6fa	260
FETCH	0	6fb	260
FETCH	0	6fc	260
FETCH	0	6fd	260
FETCH	0	6fe	5
FETCH	0	6ff	5
FETCH	0	700	5
FETCH	0	701	5
FETCH	0	702	5
FETCH	0	703	4
FETCH	0	704	4
FETCH	0	705	4
FETCH	0	706	4
FETCH	0	707	5
FETCH	0	708	5
FETCH	0	709	5
FETCH	0	70a	5
FETCH	0	70b	5
FETCH	0	70c	5
FETCH	0	70d	4
FETCH	0	70e	4
FETCH	0	70f	4
FETCH	0	710	4
FETCH	0	711	5
FETCH	0	712	5
FETCH	0	713	5
FETCH	0	714	5
FETCH	0	715	5
FETCH	0	716	5
FETCH	0	717	5
FETCH	0	718	4
FETCH	0	719	4
FETCH	0	71a	4
FETCH	0	71b	4
FETCH	0	71c	5
FETCH	0	71d	5
FETCH	0	71e	5
FETCH	0	71f	5
FETCH	0	720	5
FETCH	0	721	5
FETCH	0	722	5
FETCH	0	723	5
FETCH	0	724	5
FETCH	0	725	5
FETCH	0	726	5
FETCH	0	727	5
FETCH	0	728	5
FETCH	0	729	5
FETCH	0	72a	5
FETCH	0	72b	5
FETCH	0	72c	5
FETCH	0	72d	5
FETCH	0	72e	75450
FETCH	0	72f	75450
FETCH	0	730	75450
FETCH	0	731	5
FETCH	0	732	5
FETCH	0	733	5
FETCH	0	734	5
FETCH	0	735	5
FETCH	0	736	5
FETCH	0	737	4
FETCH	0	738	4
FETCH	0	739	4
FETCH	0	73a	4
FETCH	0	73b	4
FETCH	0	73c	5
FETCH	0	73d	5
FETCH	0	73e	5
FETCH	0	73f	5
FETCH	0	740	5
FETCH	0	741	5
FETCH	0	742	5
FETCH	0	743	5
FETCH	0	744	6
FETCH	0	745	6
FETCH	0	746	6
FETCH	0	747	6
FETCH	0	748	6
FETCH	0	749	6
FETCH	0	74a	6
FETCH	0	74b	6
FETCH	0	74c	6
FETCH	0	74d	6
FETCH	0	74e	6
FETCH	0	74f	6
FETCH	0	750	6
FETCH	0	751	6
FETCH	0	752	6
FETCH	0	753	5
FETCH	0	754	5
FETCH	0	755	5
FETCH	0	756	5
FETCH	0	757	5
FETCH	0	758	5
FETCH	0	759	5
FETCH	0	75a	67
FETCH	0	75b	67
FETCH	0	75c	67
FETCH	0	75d	5
FETCH	0	75e	5
FETCH	0	75f	5
FETCH	0	760	5
FETCH	0	761	5
FETCH	0	762	5
FETCH	0	763	5
FETCH	0	764	5
FETCH	0	765	5
FETCH	0	766	5
FETCH	0	767	5
FETCH	0	768	5
FETCH	0	769	5
FETCH	0	76a	19
FETCH	0	76b	19
FETCH	0	76c	19
FETCH	0	76d	19
FETCH	0	76e	19
FETCH	0	76f	19
FETCH	0	770	19
FETCH	0	771	5
FETCH	0	772	5
FETCH	0	773	5
FETCH	0	774	5
FETCH	0	775	5
FETCH	0	776	5
FETCH	0	777	5
FETCH	0	778	5
FETCH	0	779	5
FETCH	0	77a	5
FETCH	0	77b	5
FETCH	0	77c	5
FETCH	0	77d	5
FETCH	0	77e	5
FETCH	0	77f	5
FETCH	0	780	5
FETCH	0	781	5
FETCH	0	782	5
FETCH	0	783	5
FETCH	0	784	5
FETCH	0	785	5
FETCH	0	786	5
FETCH	0	787	5
FETCH	0	788	5
FETCH	0	789	5
FETCH	0	78a	5
FETCH	0	78b	42811
FETCH	0	78c	42811
FETCH	0	78d	42811
FETCH	0	78e	5
FETCH	0	78f	5
FETCH	0	790	5
FETCH	0	791	5
FETCH	0	792	5
FETCH	0	793	5
FETCH	0	794	5
FETCH	0	795	5
FETCH	0	796	5
FETCH	0	797	5
FETCH	0	798	5
FETCH	0	799	5
FETCH	0	79a	5
FETCH	0	79b	5
FETCH	0	79c	5
FETCH	0	79d	5
FETCH	0	79e	5
FETCH	0	79f	5
FETCH	0	7a0	5
FETCH	0	7a1	4
FETCH	0	7a2	4
FETCH	0	7a3	4
FETCH	0	7a4	4
FETCH	0	7a5	4
FETCH	0	7a6	4
FETCH	0	7a7	4
FETCH	0	7a8	4
FETCH	0	7a9	4
FETCH	0	7aa	4
FETCH	0	7ab	4
FETCH	0	7ac	4
FETCH	0	7ad	4
FETCH	0	7ae	4
FETCH	0	7af	4
FETCH	0	7b0	4
FETCH	0	7b1	4
FETCH	0	7b2	4
FETCH	0	7b3	4
FETCH	0	7b4	4
FETCH	0	7b5	4
FETCH	0	7b6	4
FETCH	0	7b7	4
FETCH	0	7b8	4
FETCH	0	7b9	4
FETCH	0	7ba	4
FETCH	0	7bb	4
FETCH	0	7bc	4
FETCH	0	7bd	4
FETCH	0	7be	4
FETCH	0	7bf	4
FETCH	0	7c0	4
FETCH	0	7c1	4
FETCH	0	7c2	4
FETCH	0	7c3	4
FETCH	0	7c4	4
FETCH	0	7c5	4
FETCH	0	7c6	4
FETCH	0	7c7	4
FETCH	0	7c8	4
FETCH	0	7c9	4
FETCH	0	7ca	4
FETCH	0	7cb	4
FETCH	0	7cc	4
FETCH	0	7cd	4
FETCH	0	7ce	4
FETCH	0	7cf	4
FETCH	0	7d0	4
FETCH	0	7d1	4
FETCH	0	7d2	4
FETCH	0	7d3	4
FETCH	0	7d4	4
FETCH	0	7d5	4
FETCH	0	7d6	4
FETCH	0	7d7	4
FETCH	0	7d8	4
FETCH	0	7d9	4
FETCH	0	7da	4
FETCH	0	7db	4
FETCH	0	7dc	4
FETCH	0	7dd	4
FETCH	0	7de	4
FETCH	0	7df	4
FETCH	0	7e0	4
FETCH	0	7e1	4
FETCH	0	7e2	4
FETCH	0	7e3	4
FETCH	0	7e4	4
FETCH	0	7e5	4
FETCH	0	7e6	4
FETCH	0	7e7	4
FETCH	0	7e8	4
FETCH	0	7e9	4
FETCH	0	7ea	4
FETCH	0	7eb	4
FETCH	0	7ec	4
FETCH	0	7ed	4
FETCH	0	7ee	4
FETCH	0	7ef	4
FETCH	0	7f0	4
FETCH	0	7f1	4
FETCH	0	7f2	4
FETCH	0	7f3	4
FETCH	0	7f4	4
FETCH	0	7f5	260
FETCH	0	7f6	260
FETCH	0	7f7	260
FETCH	0	7f8	260
FETCH	0	7f9	260
FETCH	0	7fa	260
FETCH	0	7fb	5
FETCH	0	7fc	5
FETCH	0	7fd	4
FETCH	0	7fe	4
FETCH	0	7ff	3
